2025-12-01_17-04-10,100,draft.py:2025-12-01_17-04-10
2025-12-01_17-04-11,100,draft.py:2025-12-01_17-04-10
2025-12-01_17-04-12,100,draft.py:2025-12-01_17-04-10
2025-12-01_17-05-29,100,draft.py:2025-12-01_17-04-10
2025-12-01_17-05-41,100,draft.py:2025-12-01_17-04-10
2025-12-01_17-11-08,0,draft.py:2025-12-01_17-11-08
2025-12-01_17-11-10,0,draft.py:2025-12-01_17-11-08
2025-12-01_17-11-10,0,draft.py:2025-12-01_17-11-08
2025-12-01_17-11-11,0,draft.py:2025-12-01_17-11-08
2025-12-01_17-15-04,0,draft.py:2025-12-01_17-15-04
2025-12-01_17-15-04,0,draft.py:2025-12-01_17-15-04
2025-12-01_17-15-04,0,draft.py:2025-12-01_17-15-04
2025-12-01_17-15-04,0,draft.py:2025-12-01_17-15-04
2025-12-01_17-15-05,0,draft.py:2025-12-01_17-15-05
2025-12-01_17-15-05,0,draft.py:2025-12-01_17-15-05
2025-12-01_17-15-23,100,draft.py:2025-12-01_17-15-23
2025-12-01_17-15-24,100,draft.py:2025-12-01_17-15-23
2025-12-01_17-15-24,100,draft.py:2025-12-01_17-15-23
2025-12-01_17-24-10,0,draft.py:2025-12-01_17-24-10
2025-12-01_17-24-10,0,draft.py:2025-12-01_17-24-10
2025-12-01_17-24-11,0,draft.py:2025-12-01_17-24-11
2025-12-01_17-24-11,0,draft.py:2025-12-01_17-24-11
2025-12-01_17-24-11,0,draft.py:2025-12-01_17-24-11
2025-12-01_17-24-22,0,draft.py:2025-12-01_17-24-22
2025-12-01_17-24-22,0,draft.py:2025-12-01_17-24-22
2025-12-01_17-24-23,0,draft.py:2025-12-01_17-24-23
2025-12-01_17-24-31,100,draft.py:2025-12-01_17-24-31
2025-12-01_17-24-31,100,draft.py:2025-12-01_17-24-31
2025-12-01_17-24-32,100,draft.py:2025-12-01_17-24-32
2025-12-01_17-24-32,100,draft.py:2025-12-01_17-24-32
2025-12-01_17-24-57,100,draft.py:2025-12-01_17-24-57
2025-12-01_17-24-58,100,draft.py:2025-12-01_17-24-57
2025-12-01_17-24-58,100,draft.py:2025-12-01_17-24-57
2025-12-01_17-24-58,100,draft.py:2025-12-01_17-24-57
2025-12-01_17-24-58,100,draft.py:2025-12-01_17-24-57
2025-12-01_17-24-59,100,draft.py:2025-12-01_17-24-57
2025-12-01_17-31-53,100,draft.py:2025-12-01_17-31-53
2025-12-01_17-31-54,100,draft.py:2025-12-01_17-31-53
2025-12-01_17-32-01,100,draft.py:2025-12-01_17-31-53
2025-12-01_17-32-02,100,draft.py:2025-12-01_17-31-53
2025-12-01_17-34-45,100,draft.py:2025-12-01_17-31-53
2025-12-01_17-38-08,0,draft.py:2025-12-01_17-38-08
2025-12-01_17-38-09,0,draft.py:2025-12-01_17-38-08
2025-12-01_17-42-33,100,draft.py:2025-12-01_17-42-33
2025-12-01_17-42-34,100,draft.py:2025-12-01_17-42-33
2025-12-01_17-43-23,100,draft.py:2025-12-01_17-42-33
2025-12-01_17-43-24,100,draft.py:2025-12-01_17-42-33
2025-12-01_17-46-18,100,draft.py:2025-12-01_17-46-18
2025-12-01_17-49-02,100,draft.py:2025-12-01_17-49-02
2025-12-01_17-49-03,100,draft.py:2025-12-01_17-49-02
2025-12-01_17-51-09,100,draft.py:2025-12-01_17-51-09
2025-12-01_17-51-09,100,draft.py:2025-12-01_17-51-09
2025-12-01_17-51-09,100,draft.py:2025-12-01_17-51-09
2025-12-01_17-51-09,100,draft.py:2025-12-01_17-51-09
2025-12-01_17-51-10,100,draft.py:2025-12-01_17-51-10
2025-12-01_17-51-40,100,draft.py:2025-12-01_17-51-40
2025-12-01_17-51-40,100,draft.py:2025-12-01_17-51-40
2025-12-01_17-51-41,100,draft.py:2025-12-01_17-51-41
2025-12-01_17-51-41,100,draft.py:2025-12-01_17-51-41
2025-12-01_17-55-02,100,draft.py:2025-12-01_17-55-02
2025-12-01_17-55-03,100,draft.py:2025-12-01_17-55-02
2025-12-01_17-55-08,100,draft.py:2025-12-01_17-55-02
2025-12-01_17-55-08,100,draft.py:2025-12-01_17-55-02
2025-12-01_17-55-09,100,draft.py:2025-12-01_17-55-02
2025-12-01_17-56-12,0,draft.py:2025-12-01_17-56-12
2025-12-01_17-56-12,0,draft.py:2025-12-01_17-56-12
2025-12-01_17-56-13,0,draft.py:2025-12-01_17-56-13
2025-12-01_17-59-54,0,draft.py:2025-12-01_17-59-54
2025-12-01_17-59-55,0,draft.py:2025-12-01_17-59-54
2025-12-01_17-59-55,0,draft.py:2025-12-01_17-59-54
2025-12-01_17-59-55,0,draft.py:2025-12-01_17-59-54
2025-12-01_17-59-56,0,draft.py:2025-12-01_17-59-54
2025-12-01_17-59-57,0,draft.py:2025-12-01_17-59-54
2025-12-01_17-59-58,0,draft.py:2025-12-01_17-59-54
2025-12-01_17-59-58,0,draft.py:2025-12-01_17-59-54
2025-12-01_17-59-58,0,draft.py:2025-12-01_17-59-54
2025-12-01_17-59-59,0,draft.py:2025-12-01_17-59-54
2025-12-01_18-00-37,0,draft.py:2025-12-01_17-59-54
2025-12-01_18-00-37,0,draft.py:2025-12-01_17-59-54
2025-12-01_18-00-37,0,draft.py:2025-12-01_17-59-54
2025-12-01_18-00-50,0,draft.py:2025-12-01_17-59-54
2025-12-01_18-04-39,0,draft.py:2025-12-01_17-59-54
2025-12-01_18-04-39,0,draft.py:2025-12-01_17-59-54
2025-12-01_18-04-39,0,draft.py:2025-12-01_17-59-54
2025-12-01_18-04-44,0,draft.py:2025-12-01_17-59-54
2025-12-01_18-07-50,0,draft.py:2025-12-01_17-59-54
